{
  "PVF interface": {
    "best": 9.99052385501584,
    "index": 3,
    "integer": false,
    "label": "PVF interface",
    "mean": 9.48791994874564,
    "median": 9.627555477204305,
    "p68": [
      9.058822204287237,
      9.907037048494615
    ],
    "p68_range": [
      9.058822204287237,
      9.907037048494615
    ],
    "p95": [
      8.199395922109833,
      9.986328892331011
    ],
    "p95_range": [
      8.199395922109833,
      9.986328892331011
    ],
    "std": 0.4840249105764143
  },
  "PVF rho": {
    "best": 2.596025503281095,
    "index": 4,
    "integer": false,
    "label": "PVF rho",
    "mean": 2.59636295596638,
    "median": 2.5965828403000355,
    "p68": [
      2.5774995425297798,
      2.615481018543662
    ],
    "p68_range": [
      2.5774995425297798,
      2.615481018543662
    ],
    "p95": [
      2.5581637107856965,
      2.632494473381501
    ],
    "p95_range": [
      2.5581637107856965,
      2.632494473381501
    ],
    "std": 0.01897494043665493
  },
  "PVF thickness": {
    "best": 607.7051350680914,
    "index": 5,
    "integer": false,
    "label": "PVF thickness",
    "mean": 607.6017071394075,
    "median": 607.6046866176379,
    "p68": [
      607.1088986244299,
      608.0916879659007
    ],
    "p68_range": [
      607.1088986244299,
      608.0916879659007
    ],
    "p95": [
      606.6256056422419,
      608.5688504540059
    ],
    "p95_range": [
      606.6256056422419,
      608.5688504540059
    ],
    "std": 0.4900606842279165
  },
  "background": {
    "best": 1.9066341911165646e-06,
    "index": 1,
    "integer": false,
    "label": "background",
    "mean": 1.8717170515013348e-06,
    "median": 1.8733255228592162e-06,
    "p68": [
      1.5886435552970105e-06,
      2.15215617779825e-06
    ],
    "p68_range": [
      1.5886435552970105e-06,
      2.15215617779825e-06
    ],
    "p95": [
      1.3164269451950501e-06,
      2.4260219644331525e-06
    ],
    "p95_range": [
      1.3164269451950501e-06,
      2.4260219644331525e-06
    ],
    "std": 2.806624879003813e-07
  },
  "solvent interface": {
    "best": 24.215350522746725,
    "index": 2,
    "integer": false,
    "label": "solvent interface",
    "mean": 24.29567006818215,
    "median": 24.29166973537293,
    "p68": [
      23.889978993287436,
      24.707782373922967
    ],
    "p68_range": [
      23.889978993287436,
      24.707782373922967
    ],
    "p95": [
      23.501279473040885,
      25.083050675409257
    ],
    "p95_range": [
      23.501279473040885,
      25.083050675409257
    ],
    "std": 0.4065503221522286
  }
}