{"pvf_rho": [2.599454019922243, 1.794890655598169, 3.9932119686533385, 3.919239837112116, 3.971884258424115, 3.6088325157661774, 3.678861849794593, 3.6243141094479587, 3.4463160649979425, 3.3415991686155078, 3.2111565543115255, 3.1834478301705578, 3.163292885253335, 3.117018015081908, 3.128648864350384, 3.07755490287539, 3.0040677837307723, 2.9787608010705364, 3.010428648603242, 3.1058978815069342, 3.1504187722675305, 3.0951831623117134, 3.135824894549422, 3.2384504138158285], "pvf_rho_err": [0.73533608518466, 0.5970734971896233, 0.6726440722137802, 0.17365230444314206, 0.14088433063954586, 0.13258626608342758, 0.10971990788390501, 0.10482666008758817, 0.07898869195541049, 0.06971232603518834, 0.08925455571175077, 0.06053069771566486, 0.05377914539118621, 0.04999311969014348, 0.04999420137220205, 0.046838437029497484, 0.043629597461375104, 0.049771594024079234, 0.04546979989613913, 0.04366523916591746, 0.0460609645673843, 0.046773453265540436, 0.04816316588382799, 0.04638630067597535], "pvf_thickness": [563.453603412775, 545.4015569859149, 348.69602402589067, 352.7189344880669, 535.7200425220678, 768.3028593674906, 756.8998256363878, 755.4342674720907, 748.0984867756507, 744.627842407984, 740.6038801781932, 738.8268379027951, 737.6926373256168, 738.666787571761, 741.2733245426202, 740.5082948782984, 740.9370592250195, 743.5054243418971, 748.0120758476982, 755.0996671285291, 761.361303133785, 765.0405831322992, 772.1178255614805, 783.116095568915], "pvf_thickness_err": [124.24851551173431, 67.32893004360814, 98.74683995086926, 23.74845590153389, 9.901357953569859, 5.265493584057712, 4.064050282652332, 4.315916164787127, 2.7659305882556073, 2.419505817290068, 43.186415651542205, 2.1831343448184573, 1.9254432318302968, 1.756556326888198, 1.8099118545273678, 1.618911339656284, 1.6009462001639805, 1.6277341942234933, 1.4618475459860694, 1.3759883454392188, 1.5419493154495727, 1.4874568441077172, 1.4836100986964509, 1.414858783096572], "pvf_interface": [], "pvf_interface_err": [], "solvent_interface": [25.34716009726474, 30.208157612978177, 39.79670634127695, 28.51385696263379, 44.88882933641546, 37.56985283764275, 27.8323197185453, 32.64348818634187, 27.289392339275405, 28.413614012854726, 34.986609190059866, 29.06298780022957, 27.011177778375764, 22.141853846512802, 24.347110301480214, 23.656145113744973, 24.22370763455075, 25.726790830172593, 20.981513419374043, 19.55219981809516, 21.496562483485935, 21.57689679649838, 22.78632842883593, 18.59472143560812], "solvent_interface_err": [10.83790347601248, 6.929400864516896, 9.643442148048177, 8.072559315676255, 3.9298285004198186, 4.574726520217885, 4.962642482713676, 4.67746962470257, 3.5762296729771155, 2.730937651420126, 3.318976855763132, 2.30000936875937, 2.197639433986183, 2.1464033934748827, 2.0236135210015944, 1.8294050427603004, 1.7926033681512041, 1.8938334437421922, 1.7996550596196614, 2.0790702100008644, 1.9368077035817608, 1.9452508572727927, 2.0139406129021875, 2.167852238536973], "ratio": [0.18005852923077148, 0.5723768855261074, 0.1451576351099242, 0.21427704339500078, 0.3750790320259339, 0.4219048035792038, 0.5981625344993555, 0.8268770735270585, 1.2116657593964504, 1.6466204798053734, 2.1155770058023924, 3.0622348068786347, 4.439065589469861, 5.628958223146692, 8.350265019963654, 12.909938536524482, 15.942590430927508, 18.702556531534977, 26.153565110866083, 22.440929648335494, 24.681721537833166, 32.828157212112366, 25.949740117426558, 32.209996137541594], "dratio": [17.892154543836913, 29.071012640485705, 1.3600745164605923, 0.032024413719567046, 0.06183072088076954, 0.03265879251690853, 0.039166592606098255, 0.04903476031080175, 0.06795930513809997, 0.09210391830428116, 0.12251352396782035, 0.1785428103173295, 0.29227250054068954, 0.39273840881864763, 0.7488814588903288, 1.5301769339394602, 2.3763596580935262, 3.217616295206602, 7.556853167134028, 4.853917420640986, 7.957988895530987, 15.459421400244832, 12.557397075174501, 18.845726194761404], "chi2": [0.907, 1.047, 1.202, 1.824, 1.358, 1.617, 1.152, 1.547, 1.238, 2.102, 1.292, 1.099, 1.547, 1.305, 1.103, 0.967, 1.278, 1.19, 0.917, 1.043, 1.043, 1.271, 0.961, 0.746]}