{"pvf_rho": [2.5604966716976607, 1.8855775749583361, 3.9899281620424567, 3.986726020148088, 3.9995174437665826, 3.121178171336434, 2.9287310625656144, 3.0242869966413024, 2.761281264746863, 2.6149113720090607, 2.6431577590139264, 2.4779264736060447, 2.4409177272812124, 2.31621474942689, 2.309340740330217, 2.1990499139325266, 2.1311124071263996, 1.963306157032607, 1.8509210487058807, 1.9395491317024895, 1.8982635821989526, 1.7491646121413686, 1.7169514141689197, 3.9999211850023935], "pvf_rho_err": [0.7391094008289548, 0.6586886240989328, 0.653424449402568, 0.1677704644796359, 0.12855089457364133, 0.17750709246722207, 0.12064631692516344, 0.09445928139442375, 0.07478364240625984, 0.06324388200630185, 0.058922283423594464, 0.04903734060940835, 0.04341263527248418, 0.04058008917961489, 0.03649119581983159, 0.03353000038697605, 0.031254404099305716, 0.029109052365194916, 0.024243243574878403, 0.02728806174238236, 0.02766235169536682, 0.02502820524541686, 0.025374876316210833, 0.0018754214209593658], "pvf_thickness": [562.8540453503957, 548.5002633775889, 349.8591439529156, 354.3398959229244, 538.8183940072561, 699.9760788825123, 699.9920420431937, 699.9926946411222, 699.9997184945686, 699.9902197386475, 699.9985087811741, 699.9930324716383, 699.999867332414, 699.9986565641507, 699.9962523917557, 699.9981812088682, 699.9979539447477, 699.9949785059214, 699.9992541023869, 699.9984535628932, 699.9991665178578, 699.9993562317944, 699.999747986076, 699.9996691143139], "pvf_thickness_err": [98.14245623038312, 54.102096345161, 97.27038729867708, 7.166272930567241, 25.927117844388345, 0.963470321920243, 0.5412752359215569, 0.4727084129614534, 0.29840880341108916, 0.20352223979475614, 0.21993526746418485, 0.1632351533655869, 0.14162263173003561, 0.1277186234286181, 0.09724850037548154, 0.08104602673735511, 0.07424795825830686, 0.05703977932161511, 0.04365348095847383, 0.03357960093953464, 0.03128598473162307, 0.02607215190153144, 0.020521904045288857, 0.07576234954912214], "pvf_interface": [], "pvf_interface_err": [], "solvent_interface": [26.121239837459868, 30.95828077503227, 39.72754158266785, 27.405802385479625, 44.964525226093, 44.96449333758538, 44.9538928087828, 44.987917439655625, 44.99937447442169, 44.99444628078844, 44.9927938792896, 44.991393192653305, 44.987958077487825, 44.99964077203721, 44.99817310582556, 44.99469705780866, 44.995299112351574, 44.998563608817655, 44.99882059127905, 44.998168357928954, 44.99939257346765, 44.99790669295822, 44.9996014122521, 44.999519405496265], "solvent_interface_err": [10.558610631658038, 7.613516034958567, 9.756260931560254, 8.165423168071506, 4.213626570811591, 0.6450218914975174, 0.5378755422946964, 0.3581018908434331, 0.30496062988815564, 0.22933889343521152, 0.2166650789942477, 0.23448470174647637, 0.22282664972224983, 0.22761250835771843, 0.16973036344363554, 0.17449956957580684, 0.1412105509625134, 0.09692913261960186, 0.08713150598757809, 0.054303777156722834, 0.04421405160546384, 0.033791184503312734, 0.023363154696201618, 0.02979944516355264], "ratio": [0.16540571362272138, 0.4351931615985528, 0.1504401496786056, 0.21382630523947238, 0.3794041650897698, 0.2797793985051708, 0.42139653002899324, 0.654219559603543, 0.9532364746211197, 1.2692040315045219, 1.7350814978524098, 2.5374109424598954, 3.641772254317251, 4.576679039209873, 6.53434234502014, 10.810049150068156, 12.955812115008731, 19.698195364299607, 42.75763077548276, 14.814230312066824, 17.79546873804394, 23.984142117764563, 11.17335101809281, 95.66549163244812], "dratio": [5.445778047353395, 25.187018590515155, 12.043595419765404, 0.03170565325525321, 0.059155095261663904, 0.028380628615390435, 0.0308113043211444, 0.04100356037514988, 0.050808944665215273, 0.0642315403331863, 0.08641410043771126, 0.13226788824408572, 0.2056818384097404, 0.2848456173001363, 0.4737179952305419, 1.1316296103617214, 1.5702615638162774, 4.153706444419794, 17.851344903236868, 2.217497881008331, 3.343773659402694, 9.247029675446736, 1.376387281235591, 15.914979697064336], "chi2": [0.908, 1.047, 1.208, 1.814, 1.327, 3.485, 3.418, 3.794, 4.241, 5.93, 4.191, 4.838, 5.878, 6.589, 6.822, 8.336, 9.713, 11.894, 15.588, 21.954, 25.449, 31.463, 47.057, 52.878]}