{"pvf_rho": [3.235378736298451, 3.198263932840906, 3.220365969602749, 3.3189496047155975, 3.2909364058522113, 3.3753739302976387, 3.379183799637501, 3.367184757600911, 3.2977429826163855, 3.311822400238234, 3.2989967423443223, 3.263859748006354, 3.2768305124823307, 3.2611095536026906, 3.1993862208675425, 3.2013397574444142, 3.214891768256152, 3.1137552794265257, 3.18836984058206, 3.0839666717961505, 3.0150315898694044, 3.036799533532736, 2.939620559429133, 2.988616780145697, 2.922306671636364], "pvf_rho_err": [0.036689256527921606, 0.03310134656589216, 0.033935123605784, 0.0380668838072792, 0.03824925115326686, 0.033258322300801474, 0.03068508096431566, 0.03419852119995478, 0.03056531505291034, 0.032493264297282984, 0.03100798087368593, 0.03004453817368821, 0.03187966174005464, 0.030629647784075422, 0.031005141297874985, 0.03020211328783761, 0.03138196486871384, 0.031580448691757364, 0.03173175020654188, 0.030326280333267768, 0.030431338762108618, 0.03249751545119341, 0.033025866397136, 0.031236725691066454, 0.032799481522049215], "pvf_thickness": [790.1632894737637, 784.9007804762504, 776.3186812680104, 766.1073972591674, 756.3958832403719, 748.9777183995809, 740.217227688359, 731.209849292706, 721.6783181972884, 713.353263429437, 707.0001394423062, 698.6182262602675, 691.9928762826461, 685.6574600743818, 680.1014308025652, 673.4552506083595, 668.0311926634382, 662.2534071168883, 658.7811934852448, 654.060959163276, 649.7705241520855, 645.4499127354372, 640.5480022958805, 637.9247556390435, 634.6994167662692], "pvf_thickness_err": [1.2379641529390963, 1.169960809738878, 1.1365474860354394, 1.1601692484803425, 1.1554603076098346, 1.0431455801679053, 1.0209858456876537, 1.1003296229132522, 1.156806837544278, 1.118035210784912, 1.0093091100394573, 1.0760498799142364, 1.0216740187915152, 0.9989329288428922, 1.026241698899023, 0.9462903946704718, 0.9236817997183319, 0.9658391216522426, 0.8944361251606298, 0.8781539431477825, 0.9295789610644429, 0.9611161428898096, 1.0041055532258225, 0.8760842265083237, 0.9232528300350322], "pvf_interface": [], "pvf_interface_err": [], "solvent_interface": [17.14828882934455, 21.993146960442893, 25.3471789784274, 26.885807083434514, 30.241936673818678, 28.53952405082475, 29.95606285904023, 31.71360862442624, 35.05389412605703, 34.53756307492344, 33.2593211197146, 35.07870615255364, 33.57266542829603, 34.12195291953838, 34.28621789111064, 33.7562005986756, 32.15214598854012, 34.27707245404278, 30.296989659584533, 32.787745987498774, 34.075935718761, 31.800435017376145, 33.629185381878436, 30.59517190059423, 31.407409654917394], "solvent_interface_err": [1.6633350809308103, 1.6707579430925492, 1.663826317475725, 1.7597420156522094, 1.6918269560677088, 1.4244003002548797, 1.3297141216755746, 1.4324988801175593, 1.3812211057126837, 1.3937797358692152, 1.3086539284942822, 1.3069220987361672, 1.3382148642869776, 1.275439300356423, 1.2963722730222715, 1.209918771619972, 1.2145953675048091, 1.240604117372663, 1.2659918357680533, 1.1749525150688058, 1.1967449791291147, 1.28453494446101, 1.375727670004376, 1.2254887902797968, 1.2749040087772925], "chi2": [1.279, 1.375, 1.812, 1.554, 1.443, 2.401, 2.518, 1.832, 2.206, 2.645, 2.257, 2.397, 3.009, 3.132, 2.985, 3.546, 3.5, 3.088, 2.989, 2.81, 2.555, 2.075, 2.263, 2.884, 1.821]}