{"pvf_rho": [1.8681789116293477, 1.7876110743360645, 1.8288227671850084, 1.7594935646759207, 1.806355053198912, 1.9022017733313688, 2.0230519236114386, 2.001906943047656, 2.2891332599305545, 2.3744338052881977, 2.438070114109927, 2.5311056701013994, 2.6278693895423615, 2.7047583763213745, 2.904304214856174, 2.989506954576041, 2.970215902331504, 2.9648908105098823, 3.0856365026693067, 3.1251720728814556, 3.129309817150868, 3.116812558719924, 3.107755294975849, 3.180247333919384, 3.126799160915745], "pvf_rho_err": [0.011316031479660768, 0.011599576500098697, 0.012402246713771239, 0.013063283215364355, 0.013880218608414397, 0.015876680273757368, 0.018488420449777197, 0.02160226496349634, 0.02544816356231212, 0.02908070670061746, 0.023664219225093985, 0.031619811482399, 0.029197277737524393, 0.08060112848532427, 0.06412739235649469, 0.04688452536766822, 0.044734782141874, 0.043638648722092485, 0.040733458105623205, 0.039251003025660064, 0.040916293524128344, 0.03811985077654834, 0.038080637686342636, 0.036302843248793994, 0.03210228271844167], "pvf_thickness": [810.4735406719285, 810.3839993265328, 803.4946498990847, 801.928140221121, 794.4630981457236, 784.3553538888127, 772.7380131442175, 768.9772794019445, 746.0503364988364, 738.6760699290355, 733.9338271371681, 729.471222252393, 727.1783944148978, 732.0283853787224, 738.0379564043153, 740.0712585013167, 742.4482429043031, 745.8487572507851, 752.0721748175738, 758.3149418469533, 762.9478575094449, 767.7956188022677, 774.0133933615408, 783.0211993563842, 788.9277309792706], "pvf_thickness_err": [0.5401078968643738, 0.5828407218035786, 0.5779081393737979, 0.5981870731349369, 0.6835951182093943, 0.844116577909814, 0.9879951388758904, 1.2436442057675938, 1.492963085940446, 1.4889616542357262, 1.3255976606125621, 1.2879978913472512, 1.1974148266498228, 2.017898152219961, 1.8592565653064101, 1.4821176476978617, 1.3823362197015814, 1.2859316437024628, 1.2210526891799582, 1.1201118049053158, 1.2853380144482467, 1.2234675613251202, 1.2315966357122725, 1.3368505992174589, 1.1694257527511402], "pvf_interface": [], "pvf_interface_err": [], "solvent_interface": [39.9995616263957, 39.999979972983766, 39.99998569857486, 39.99945803139206, 39.99977172976831, 39.99986456714897, 39.999982634568994, 39.99981360755581, 39.99970152938305, 39.99501779260733, 39.99655902089853, 39.99375220566589, 39.992987608001044, 36.68656319041871, 29.5347582981041, 28.281205186096994, 30.82092225542533, 33.17978335682527, 29.01077494557785, 27.679744851050188, 28.40376510418611, 29.22515292785078, 28.67824607764678, 21.930629797700927, 20.861205993698732], "solvent_interface_err": [0.02428000920330948, 0.02444018467126, 0.02262526598498831, 0.029656847382179097, 0.03395859963704834, 0.03938428575810966, 0.05401510058304007, 0.07663604932349502, 0.21490750883656023, 0.45107605101832476, 0.2621010566759141, 0.9362391156790404, 0.9335039972342184, 3.8657901717544494, 3.0865549912049675, 2.2007439099256447, 2.058559734576523, 1.9459702955747273, 1.8389617022824918, 1.80081630671387, 2.001443860310129, 1.9001891177161323, 1.9139260117657344, 1.8581287544613148, 1.4103065958167622], "chi2": [44.735, 43.038, 43.853, 38.968, 30.176, 33.242, 35.629, 34.602, 25.6, 21.596, 16.016, 10.791, 7.893, 5.309, 3.405, 1.943, 1.738, 1.528, 1.257, 1.597, 1.201, 1.447, 1.291, 0.868, 1.444]}