{
  "PVF interface": {
    "best": 9.90879524858461,
    "index": 5,
    "integer": false,
    "label": "PVF interface",
    "mean": 9.03971480663272,
    "median": 9.294983078763321,
    "p68": [
      8.261723607763834,
      9.818201772547418
    ],
    "p68_range": [
      8.261723607763834,
      9.818201772547418
    ],
    "p95": [
      6.7484174064307885,
      9.969284673271238
    ],
    "p95_range": [
      6.7484174064307885,
      9.969284673271238
    ],
    "std": 0.9039104917622824
  },
  "PVF rho": {
    "best": 3.1962632648895415,
    "index": 6,
    "integer": false,
    "label": "PVF rho",
    "mean": 3.18684311990876,
    "median": 3.1869021147347785,
    "p68": [
      3.16598578288635,
      3.2084266594992883
    ],
    "p68_range": [
      3.16598578288635,
      3.2084266594992883
    ],
    "p95": [
      3.145441422479954,
      3.228786014805298
    ],
    "p95_range": [
      3.145441422479954,
      3.228786014805298
    ],
    "std": 0.02077278547686086
  },
  "PVF thickness": {
    "best": 792.756792030597,
    "index": 7,
    "integer": false,
    "label": "PVF thickness",
    "mean": 792.72389924776,
    "median": 792.7497765351973,
    "p68": [
      791.493278220529,
      793.8344253785255
    ],
    "p68_range": [
      791.493278220529,
      793.8344253785255
    ],
    "p95": [
      790.5336631950746,
      795.0872165428017
    ],
    "p95_range": [
      790.5336631950746,
      795.0872165428017
    ],
    "std": 1.1760536173930263
  },
  "background": {
    "best": 1.2139739904690551e-06,
    "index": 1,
    "integer": false,
    "label": "background",
    "mean": 1.426706897253891e-06,
    "median": 1.4211849658186955e-06,
    "p68": [
      9.5647971587834e-07,
      1.8851276700921334e-06
    ],
    "p68_range": [
      9.5647971587834e-07,
      1.8851276700921334e-06
    ],
    "p95": [
      5.658594338404461e-07,
      2.3130177523809075e-06
    ],
    "p95_range": [
      5.658594338404461e-07,
      2.3130177523809075e-06
    ],
    "std": 4.493038519803463e-07
  },
  "intensity": {
    "best": 0.6593992808088889,
    "index": 2,
    "integer": false,
    "label": "intensity",
    "mean": 0.6605491512158256,
    "median": 0.6606010882558383,
    "p68": [
      0.6543971737770199,
      0.6666999751561246
    ],
    "p68_range": [
      0.6543971737770199,
      0.6666999751561246
    ],
    "p95": [
      0.6486650037050332,
      0.6723765464376084
    ],
    "p95_range": [
      0.6486650037050332,
      0.6723765464376084
    ],
    "std": 0.006113497477359429
  },
  "material interface": {
    "best": 1.6075978159331765,
    "index": 8,
    "integer": false,
    "label": "material interface",
    "mean": 2.3688426641422353,
    "median": 2.231704538739302,
    "p68": [
      1.3994345495474743,
      3.378607297680747
    ],
    "p68_range": [
      1.3994345495474743,
      3.378607297680747
    ],
    "p95": [
      1.0516250850500166,
      4.500023240939791
    ],
    "p95_range": [
      1.0516250850500166,
      4.500023240939791
    ],
    "std": 0.929007205641556
  },
  "material rho": {
    "best": 1.678829150756433,
    "index": 9,
    "integer": false,
    "label": "material rho",
    "mean": 1.6971218988160255,
    "median": 1.7000286228388972,
    "p68": [
      1.6184623518890608,
      1.7780208281738872
    ],
    "p68_range": [
      1.6184623518890608,
      1.7780208281738872
    ],
    "p95": [
      1.528516688443647,
      1.8526424454989578
    ],
    "p95_range": [
      1.528516688443647,
      1.8526424454989578
    ],
    "std": 0.08156681986576132
  },
  "material thickness": {
    "best": 25.233629109864165,
    "index": 10,
    "integer": false,
    "label": "material thickness",
    "mean": 24.95642584270012,
    "median": 24.964824339794685,
    "p68": [
      23.707979383049107,
      26.23182571585536
    ],
    "p68_range": [
      23.707979383049107,
      26.23182571585536
    ],
    "p95": [
      22.386214318253497,
      27.37161482335763
    ],
    "p95_range": [
      22.386214318253497,
      27.37161482335763
    ],
    "std": 1.2647477254419779
  },
  "solvent interface": {
    "best": 16.92183294054063,
    "index": 3,
    "integer": false,
    "label": "solvent interface",
    "mean": 16.76180546875984,
    "median": 16.770282595285998,
    "p68": [
      16.253853260786997,
      17.25621554385851
    ],
    "p68_range": [
      16.253853260786997,
      17.25621554385851
    ],
    "p95": [
      15.798675060474766,
      17.74750156194227
    ],
    "p95_range": [
      15.798675060474766,
      17.74750156194227
    ],
    "std": 0.5009375958150251
  },
  "solvent rho": {
    "best": 6.288080479191304,
    "index": 4,
    "integer": false,
    "label": "solvent rho",
    "mean": 6.284784499349721,
    "median": 6.285622581164407,
    "p68": [
      6.267129937887672,
      6.301873165767316
    ],
    "p68_range": [
      6.267129937887672,
      6.301873165767316
    ],
    "p95": [
      6.24899303780452,
      6.316729487289899
    ],
    "p95_range": [
      6.24899303780452,
      6.316729487289899
    ],
    "std": 0.01720025859272644
  }
}