{"pvf_rho": [2.662246097423921, 1.7151020472515688, 3.9984754871427337, 3.8905374693222745, 3.962653436664608, 3.996013460308612, 3.99857917039511, 3.9999390377773274, 2.755521026044616, 2.620509949542115, 2.6262394740063804, 2.489378937502442, 2.4364075562166425, 2.318943882551266, 2.298706370691534, 2.1988577405316483, 2.141410329416819, 1.968233940952333, 1.865673182317586, 1.9498813428474289, 3.9749956290582564, 3.9998703865276486, 3.999854574531278, 3.9998455599294935], "pvf_rho_err": [0.7068843825824557, 0.6474019181550226, 0.7912331619416547, 0.18287814289887291, 0.13961795717534878, 0.08117287289503904, 0.029337007687242546, 0.029297759406567682, 0.14250920213123597, 0.0632001287237694, 0.057821268771242024, 0.047006698022889135, 0.043162555047551454, 0.13303214869349964, 0.03702186756075347, 0.032961731830650084, 0.031484620541183124, 0.030311138941652944, 0.18364307125272175, 0.4219625551861018, 0.030212065906255556, 0.008248112278047514, 0.005827879261927118, 0.0056944465534360545], "pvf_thickness": [564.5317233998322, 542.7222380880397, 578.212597160106, 352.24372495276543, 534.0430660967107, 128.47491835739854, 132.37643416095256, 110.48783822704381, 699.991031358934, 699.9997168641007, 699.9944101617257, 699.9900553008381, 699.9988006540868, 699.9910706264975, 699.997166103525, 699.9984930797326, 699.9960283504458, 699.9985912543983, 699.998643768765, 699.9989655861793, 484.97427777679343, 509.1416757295237, 521.4381604417904, 524.2621113338357], "pvf_thickness_err": [88.16841334514562, 65.89120572999065, 15.126062209397674, 7.005414671637032, 9.719128610608934, 94.88156385914101, 6.652427660530293, 4.1585012530649665, 59.99899561088556, 0.21290299527467405, 0.22192685888217045, 0.17234594090833, 0.13092169355528105, 44.504173165478356, 0.10449375830091419, 0.08406553342663783, 0.07649513127465038, 0.05469166861218961, 18.970013361206224, 39.424154431180085, 3.152963858873509, 3.0066324952042667, 2.7215389485851307, 3.213557999018503], "pvf_interface": [], "pvf_interface_err": [], "solvent_interface": [25.62566331122615, 30.181205283675876, 21.9948842566369, 29.20697223615072, 44.98455924076285, 44.96645634044908, 44.936824541818496, 44.800963695593005, 44.994525920598925, 44.996142661862514, 44.99514531079304, 44.99944469663267, 44.99709131107902, 44.99696538534638, 44.99750721305036, 44.996312186838026, 44.999798169890816, 44.99990061122568, 44.993709164813865, 44.99574359010576, 44.9960214760216, 44.990661912181444, 44.99666470257625, 44.985509772238984], "solvent_interface_err": [10.364542941138383, 7.020807140750015, 8.097156091112138, 8.028258697207901, 3.919822443600817, 1.6504458065254357, 1.8126388279270744, 1.6052685999758152, 0.36279704160199544, 0.2475370678775649, 0.22999258626901822, 0.23278570931905118, 0.21086412781941613, 0.25037755776500015, 0.16387616869290467, 0.15695199027128115, 0.14348994582199598, 0.10561175976121938, 0.0881080381481805, 0.06533486440426897, 0.22072963686446045, 0.20388657200524204, 0.2275762147017166, 0.17013344642435568], "ratio": [0.16078286224740912, 0.8826318888358408, 0.1823370429875628, 0.21396834979651813, 0.3737804647072144, 0.4718792322789092, 0.7103669062085957, 1.1016065725288346, 0.9402376066567724, 1.2921601588138405, 1.728593138803069, 2.5303978995057568, 3.6849532888569088, 4.604484425789338, 6.567997429712827, 10.582238619580519, 12.801468718269474, 20.29795270364533, 40.39769839257056, 14.70284059052727, 21.73187266993128, 97.7132352516883, 99.22566019816495, 99.76910704265678], "dratio": [3.170506610601589, 27.788432420666144, 22.420198553484877, 0.03202794198162367, 0.060891448170991104, 0.04561187379530614, 0.053376923959073175, 0.07758712966947282, 0.10322225242923168, 0.06653938018455374, 0.087510775597842, 0.12924036920017126, 0.20584252215179985, 6.204687511760024, 0.476629061340377, 1.0756623596504984, 1.4866773521436099, 4.069381045614258, 18.044786510303407, 12.64090333577397, 9.212466502660536, 17.5744887470432, 12.754870413010998, 13.592218531727324], "chi2": [0.908, 1.049, 1.212, 1.824, 1.358, 2.642, 2.727, 3.088, 4.161, 5.832, 4.111, 4.73, 5.759, 6.475, 6.696, 8.188, 9.561, 11.731, 15.434, 21.716, 18.513, 19.083, 19.639, 20.41]}