{"pvf_rho": [1.5899105195017744, 1.5457795726736416, 1.7082868985071005, 1.6692610761833722, 1.5164719155357718, 1.3899674338626737, 1.4098270797567216, 1.4001266702807726, 1.4893325015497427, 1.6328349213789901, 1.744297742667121, 2.739586719035936, 2.9496058945783195, 3.1127429375380293, 3.2958938213415125, 3.4558443472663773, 3.576830207455356, 3.639442794686854, 3.68890363100634, 3.7451169076038178, 3.7737023661621407, 3.784104773186857, 3.811764148898767, 3.9025923030639795, 3.9999985693271265], "pvf_rho_err": [0.047542648406105364, 0.046470211433593374, 0.04521316886687651, 0.046649975861597054, 0.0607606469856907, 0.03458025937833722, 0.017804648754205683, 0.01683625318040264, 0.018296541316860135, 0.02131006312132411, 0.02687672802284211, 0.012763894444868407, 0.01115790473078813, 0.010766251435730713, 0.010027515789692376, 0.010002127461774597, 0.009852746805582074, 0.010096976283726822, 0.009870682879375169, 0.010175426828616066, 0.010156715287175816, 0.010303238149072684, 0.01117599829349184, 0.014599974680608509, 0.0023779847837806394], "pvf_thickness": [536.775649651763, 536.9876762017947, 539.8749648715298, 538.8105841844275, 533.3836312596593, 533.2701869014194, 532.4483103807642, 535.2964741879869, 535.0599987067549, 534.4527812261808, 537.1768250030285, 500.00021489675817, 500.00227376129595, 500.0004480534778, 500.00154211791806, 500.0005019177598, 500.00054685117664, 500.0008400211113, 500.00257876738397, 500.0112854786699, 500.0038495058202, 500.00622363562735, 510.507448670995, 501.0186003383314, 557.4473048224589], "pvf_thickness_err": [0.9693504520860381, 0.9968246643426233, 0.9373864464826003, 0.8646195687696984, 1.1474086550308833, 0.764694505199802, 0.6843524428760488, 0.714889234499306, 0.8094917986772735, 0.9457934837184744, 1.2439563437578136, 0.06445711160453398, 0.2372440657426005, 0.14705826489065327, 0.10590895831113477, 0.10210366995554543, 0.10147297307920082, 0.17205608475880044, 0.16785370407408273, 0.5680192164659539, 0.23552519434203992, 0.733516925465165, 2.6094598309837767, 1.0276573637189081, 1.873659931486894], "pvf_interface": [], "pvf_interface_err": [], "solvent_interface": [25.9849442635598, 27.53449025807098, 22.74469670868578, 26.882366308844805, 35.79864686709484, 39.98354476911881, 39.99974402751968, 39.999582253393335, 39.99918091806033, 39.999161802237, 39.999828537059685, 39.99910310241026, 39.998476993530495, 39.999087749623136, 39.99920338387179, 39.9986289248293, 39.99855086864515, 39.99918011370015, 39.99993791268464, 39.99926129645464, 39.99920966018865, 39.999803698065165, 39.9996527310948, 39.99993090823455, 39.998459426973355], "solvent_interface_err": [1.4648540845694749, 1.5687838170962927, 1.526370845343684, 1.486327174565569, 2.1119842476306987, 1.0454226644671687, 0.15822709261301252, 0.08706049818686368, 0.06354383724175591, 0.04874227904046498, 0.036749549865977046, 0.05511245194048785, 0.058731975759458786, 0.06908456204833, 0.07295985070584511, 0.09491521303872912, 0.10711374287575752, 0.09157436278252598, 0.09997010057191366, 0.07897592234796195, 0.10148892675901565, 0.09129190499723266, 0.09244509860996257, 0.08136883312091539, 0.1698406309345089], "chi2": [1.014, 1.119, 1.439, 2.34, 2.763, 5.432, 8.476, 12.098, 18.956, 27.605, 34.226, 34.083, 36.126, 33.506, 32.112, 29.916, 29.049, 22.639, 22.242, 27.635, 22.265, 21.857, 22.734, 22.48, 24.558]}