{"pvf_rho": [2.553598637545154, 1.8490342974362843, 3.9980528656225536, 3.986686500182574, 3.8729778399130965, 3.6118433267685757, 3.656032464033502, 3.6197109016551887, 3.4584702226584256, 3.3451091752044446, 3.217403560548881, 3.166989958663756, 3.1689832166090603, 3.1203895235704304, 3.130134317041686, 3.074223286773311, 3.000706715784245, 2.967997613895195, 3.014243441869891, 3.097876820006088, 3.154384677151957, 3.1022036888460205, 3.135607435447266, 3.2439016929212445], "pvf_rho_err": [0.7265996462012773, 0.6971215592498604, 0.8213784320539433, 0.8640814271013326, 0.11482943457069135, 0.13408154894088364, 0.11106861820782002, 0.10257515766040107, 0.08118634417871558, 0.0689309086168256, 0.07894716623409996, 0.059718099621688094, 0.05347707486999822, 0.04750160741336683, 0.14102104568525126, 0.046193438348239746, 0.04530301410534096, 0.050144738787751233, 0.046891281869721385, 0.044618434910785466, 0.047133270321848636, 0.046700767758583256, 0.049786462834232256, 0.0464268578962033], "pvf_thickness": [562.3790575385223, 546.665060153556, 575.6151442155233, 563.3650793076654, 795.9335709870833, 767.7114345822579, 756.8413770027266, 755.5958972942561, 748.5397191451312, 744.8139541885968, 740.5820583292934, 738.1988340226201, 737.9704563717451, 738.7605287313934, 741.4022280426684, 740.4866719090973, 741.0164660922394, 743.3181468312944, 747.9909500526563, 754.8847879604414, 761.2629144078204, 765.1855713868606, 772.2804352097046, 783.1231107150519], "pvf_thickness_err": [124.60153259669876, 73.4656888717832, 15.824652235331484, 10.678720580434707, 28.606768635935012, 5.4201151744258365, 4.1567532152974245, 4.180268595802756, 2.861362326539104, 2.3578424027289104, 2.9027898346294614, 2.1513575481440133, 1.9160343057073934, 1.7304332522162051, 20.762514455383098, 1.5962506624273356, 1.6184111799953058, 1.6465413457860147, 1.4852740290664501, 1.398654391178569, 1.5923813733468497, 1.4659148985132526, 1.5097924937101235, 1.4330012764880629], "pvf_interface": [], "pvf_interface_err": [], "solvent_interface": [27.89577123030731, 30.0735659800772, 22.647796032044383, 28.049257543803726, 44.79453683181506, 37.486264237815334, 28.288108035993933, 32.79166408778943, 27.019496086266976, 28.602939815250256, 34.96371932670644, 29.374692375177386, 27.027330533303186, 22.199284061512962, 24.228733374588913, 23.88613713337524, 24.241172887012333, 25.910052885875555, 20.85175943697157, 19.662156383072656, 21.17071050338082, 21.24248549696395, 22.89279812232205, 18.60969583734248], "solvent_interface_err": [10.917699463233742, 8.28203845045592, 7.834089835845648, 6.336638775067805, 3.674666341878602, 4.737784608774309, 4.946720413565975, 4.530036202751534, 3.5918594690380874, 2.705717945950655, 3.1160037539990486, 2.3156926266493008, 2.1406265653056185, 2.0866917406915677, 2.7697462846697496, 1.7760236847047977, 1.7857199373983137, 1.8072508033060186, 1.8278602064711515, 2.0608527204421097, 1.9535232017304252, 2.000566541894927, 2.0089255286078527, 2.1398463815025064], "ratio": [0.1761966512611074, 0.5589358611612667, 0.18895903136456563, 0.22951100853887416, 0.3037478682793421, 0.41599260888165773, 0.5984737356563247, 0.8400456337038174, 1.1998699820565795, 1.6602820323639442, 2.1150692110433034, 3.0578658587818515, 4.442614727171793, 5.565185651897535, 8.317449018528098, 13.122055176590873, 16.395404068199664, 19.016595896759814, 25.521410307475946, 22.208746781181052, 24.529973096306954, 31.38908266031357, 26.656134156158295, 31.28518237346677], "dratio": [8.186130397577193, 22.839423665593582, 25.78173854292641, 23.614552387086526, 0.0339859794744191, 0.03252216157824744, 0.03822882848426248, 0.048943484766924686, 0.06543110595471689, 0.09020230018772683, 0.11420924140672922, 0.3480832786376227, 0.29752164959082694, 0.3955512030011569, 3.393998646693255, 1.5692109383580186, 2.3689742909932, 3.4680756256690053, 6.5944916021423365, 4.6282727956774234, 8.18447145050844, 16.478184926547986, 12.756364278574328, 18.446726360582687], "chi2": [0.908, 1.047, 1.213, 2.133, 1.001, 1.617, 1.152, 1.547, 1.239, 2.102, 1.292, 1.098, 1.547, 1.305, 1.103, 0.967, 1.278, 1.189, 0.917, 1.043, 1.042, 1.271, 0.961, 0.746]}