{"pvf_rho": [2.5849778486198582, 1.8529346416974992, 3.9975576450790937, 3.9980855092914176, 3.942509673475032, 3.6158216944438424, 3.669050367433192, 3.6402860685859686, 3.458679311364398, 3.3319803124613987, 3.204969339700854, 3.178933876138415, 3.157735348379522, 3.1189484480168987, 3.133288755205996, 3.075208297709231, 3.0033878609178095, 2.974510029441799, 3.0099713468040243, 3.1050811936978646, 3.1600797727890155, 3.098346699584075, 3.1382984896537303, 3.2339050287150504], "pvf_rho_err": [0.7007467221595577, 0.6764824461537787, 0.5754387546869569, 0.736061489185341, 0.14139212052600172, 0.13448088365365277, 0.11017594072991331, 0.1055545981910151, 0.07513218090585609, 0.07054238121452792, 0.07555916029488026, 0.1389996138930113, 0.052280296566132804, 0.048236480709539856, 0.04854652749801081, 0.12081293575073651, 0.04499910452647503, 0.04930755015977974, 0.045803182006922356, 0.04328293469228398, 0.04713623382789679, 0.049156792019535975, 0.04799701828533472, 0.04480980447517373], "pvf_thickness": [563.6051290506409, 547.2956502143335, 576.1748157980976, 562.8890442862441, 537.1056094269077, 768.6939442163527, 756.9645312109416, 756.1978953716974, 748.3333458505883, 744.644839579868, 740.1008409792678, 738.5016194817503, 737.5439898396786, 738.5653862004921, 741.2760968362194, 740.3617270763664, 741.0187233113795, 743.4029082106201, 747.8018161421005, 755.1104653845199, 761.4081344540936, 765.0653290541884, 772.2662077182109, 782.9828827091746], "pvf_thickness_err": [122.38978278251514, 66.1859782975208, 10.521182292221349, 9.402017710489702, 9.730884943400524, 5.292881826245951, 4.061854213036701, 4.310037658645229, 2.8208941933042864, 2.3616701283502666, 2.8091090634079032, 26.534079916156983, 1.9350152561788105, 1.6671142470753262, 1.7503820469760987, 41.65407941083452, 1.623311554899897, 1.649165245610416, 1.4701557531357718, 1.3836774429679461, 1.5442280304586935, 1.5010924968232071, 1.461764208877094, 1.3800464912237251], "pvf_interface": [], "pvf_interface_err": [], "solvent_interface": [25.703995259216057, 30.34747898863931, 17.376463892214034, 28.635820531202896, 44.862865355671396, 37.63423828084152, 27.498897462823102, 32.25197282129271, 27.253828739403, 28.71097538856825, 35.31672230184094, 29.19505391533762, 27.200760899186086, 22.18747001459631, 24.298819810784163, 23.76931145389757, 24.10896184541125, 25.6555156047792, 20.71008003214627, 19.391004203998797, 21.204428922973754, 21.536729349558808, 22.784516186210368, 18.8202005905641], "solvent_interface_err": [10.984191908808233, 7.647755242820721, 9.18643865034766, 6.703911832583489, 3.95895023673822, 4.6630735895429245, 4.997804784142251, 4.771705395757936, 3.4702715254986725, 2.7036061143611385, 2.9924971299940717, 2.861239077833037, 2.1361013504752844, 2.0483017972937168, 2.045705748453634, 3.6399030696637404, 1.7731651564418642, 1.8066026119686707, 1.816946620441015, 2.020111754511555, 1.9731067854271713, 2.0621926267544444, 1.971101663087788, 2.121286800001666], "ratio": [0.17237036005798387, 0.4824045087787306, 0.1854299554945455, 0.23431770951205755, 0.3838069641542434, 0.4228806218214863, 0.6001666644464426, 0.8363299143505528, 1.210452111599199, 1.6750396856604095, 2.0932221914502964, 3.0871889958698415, 4.449109236810239, 5.589878971656462, 8.276717051810227, 12.993516439839413, 16.17597836180062, 18.870299389211105, 26.567523294226643, 22.415347120487294, 24.116619612505346, 33.542988759566086, 26.75129070028192, 32.77750914648049], "dratio": [0.5005034528475162, 26.484666608956996, 0.2073446146909028, 13.479012993984332, 0.05680283287139651, 0.032893089365358154, 0.03742185756676365, 0.04826014985724878, 0.06776076680338776, 0.08944898991962842, 0.11436137078453142, 0.17828721135999845, 0.2862131713173221, 0.3947290387136242, 0.7205348906136714, 1.5395185720675542, 2.2101599919311616, 3.1640778037236372, 6.985499916091594, 5.627454079913686, 8.36917763405712, 16.281352751582265, 12.894843058871402, 18.34127287103199], "chi2": [0.907, 1.047, 1.212, 2.132, 1.358, 1.617, 1.152, 1.547, 1.238, 2.102, 1.293, 1.099, 1.547, 1.305, 1.104, 0.967, 1.278, 1.19, 0.917, 1.043, 1.043, 1.271, 0.96, 0.746]}