{
  "PVF interface": {
    "best": 2.006332995352551,
    "index": 3,
    "integer": false,
    "label": "PVF interface",
    "mean": 8.138966864508655,
    "median": 7.966480075781742,
    "p68": [
      3.848290405925758,
      12.573286728627412
    ],
    "p68_range": [
      3.848290405925758,
      12.573286728627412
    ],
    "p95": [
      2.2777746037039335,
      14.604780611550854
    ],
    "p95_range": [
      2.2777746037039335,
      14.604780611550854
    ],
    "std": 3.7074419622007175
  },
  "PVF rho": {
    "best": 1.5981914434290692,
    "index": 4,
    "integer": false,
    "label": "PVF rho",
    "mean": 1.5958005412300784,
    "median": 1.5953865123361077,
    "p68": [
      1.5748680289850967,
      1.6172895089247752
    ],
    "p68_range": [
      1.5748680289850967,
      1.6172895089247752
    ],
    "p95": [
      1.554118740544535,
      1.636586066598931
    ],
    "p95_range": [
      1.554118740544535,
      1.636586066598931
    ],
    "std": 0.02088309848813025
  },
  "PVF thickness": {
    "best": 536.3418943085402,
    "index": 5,
    "integer": false,
    "label": "PVF thickness",
    "mean": 536.3297129270147,
    "median": 536.3225139183043,
    "p68": [
      535.8855383956485,
      536.7831467939593
    ],
    "p68_range": [
      535.8855383956485,
      536.7831467939593
    ],
    "p95": [
      535.4805269650378,
      537.2180866697731
    ],
    "p95_range": [
      535.4805269650378,
      537.2180866697731
    ],
    "std": 0.44322717387440264
  },
  "background": {
    "best": 2.0402284606923163e-06,
    "index": 1,
    "integer": false,
    "label": "background",
    "mean": 1.9852744077168405e-06,
    "median": 1.9878604638382296e-06,
    "p68": [
      1.6833138727889438e-06,
      2.289831832934762e-06
    ],
    "p68_range": [
      1.6833138727889438e-06,
      2.289831832934762e-06
    ],
    "p95": [
      1.4025825442456047e-06,
      2.57037064655008e-06
    ],
    "p95_range": [
      1.4025825442456047e-06,
      2.57037064655008e-06
    ],
    "std": 3.0110044667255516e-07
  },
  "solvent interface": {
    "best": 25.551688917254143,
    "index": 2,
    "integer": false,
    "label": "solvent interface",
    "mean": 25.553917173126194,
    "median": 25.553936481023687,
    "p68": [
      25.26682793562424,
      25.841452815443873
    ],
    "p68_range": [
      25.26682793562424,
      25.841452815443873
    ],
    "p95": [
      24.996749230423564,
      26.121757335797966
    ],
    "p95_range": [
      24.996749230423564,
      26.121757335797966
    ],
    "std": 0.2859726277073342
  }
}