{"pvf_rho": [3.2348651206976293, 3.1970330026882716, 3.1673379730090376, 3.207879244972872, 3.127005783646717, 3.1779124051600682, 3.12602475417121, 3.1398426948953606, 3.026245312662918, 3.010190481782789, 3.005018944960216, 2.9943235400485118, 2.9680272264943093, 2.9493419438607553, 2.8938449411113636, 2.873064780287425, 2.871726790207055, 2.7811942206975275, 2.888708198043546, 2.7827322992432455, 2.7279587814738613, 2.7701435822763174, 2.658200280574948, 2.702975839949099], "pvf_rho_err": [0.036803219064823936, 0.035940894179541084, 0.03865023588297324, 0.04452545653858639, 0.045953009957513884, 0.04373612940627528, 0.04127638752945347, 0.04132892523386682, 0.042678585073672566, 0.044096545997103144, 0.04160946242649778, 0.04295151014830288, 0.043261687826841436, 0.041878769333848216, 0.03944808655368739, 0.04099807817161251, 0.042584088774990654, 0.04066596305591958, 0.040268457983573806, 0.0402113457102307, 0.042627982379164056, 0.04617430705275862, 0.046163714149566465, 0.04397717415756222], "pvf_thickness": [790.1448381296018, 784.9266749104023, 774.6143132761387, 762.9754285545066, 751.675355052042, 743.2526924573805, 732.2700018234295, 723.8499986286278, 712.2280527605581, 703.6349390585533, 697.0868175279791, 689.1052209013552, 681.692110650979, 674.8654840655191, 669.5790476493993, 663.3782891307468, 657.5003854671868, 651.4864530432117, 650.2139835578613, 644.3233927238895, 640.6657661396487, 637.5485926451295, 631.7410377164182, 629.9026974935242], "pvf_thickness_err": [1.315653122591475, 1.3350879666897308, 1.361293689436126, 1.4159956903701552, 1.4826384492449303, 1.3277426333320808, 1.3275920584810237, 1.3272865326392853, 1.5491742752929099, 1.4928004528765537, 1.3901069134208643, 1.4782711835110995, 1.3915575346575302, 1.3789813399838358, 1.2973305626677119, 1.2903025891945852, 1.2914694136089895, 1.2524079369627257, 1.1922320847308931, 1.2249979505062591, 1.2799710688972965, 1.2732712735048464, 1.371774779111217, 1.1978592699807395], "pvf_interface": [], "pvf_interface_err": [], "solvent_interface": [16.506588658932145, 21.239445346345533, 20.890138884958617, 22.075249085427362, 23.35562456075169, 21.050165100102678, 20.55566935741354, 21.79490780551239, 25.966221000375135, 24.903808027094815, 21.200481396210414, 26.507829212977672, 22.411397630928317, 26.180648331678633, 22.830233991924892, 24.640108778248354, 23.185792510561175, 24.913974742189275, 23.947925937470877, 24.98101510233662, 27.711234079417768, 23.14587182516396, 25.75961648642447, 25.663458151260073], "solvent_interface_err": [2.3585878105670237, 1.8242673737628772, 1.9153657726946636, 1.9212485379348498, 1.8683314360876122, 1.7367125317651393, 1.6097151352307417, 1.5801007196795913, 1.5452352011808035, 1.5724732716873628, 1.5830096685722486, 1.4359450734904022, 1.5827993817481083, 1.4707222209269324, 1.4807220747797825, 1.376484712602368, 1.4449765692423888, 1.3811659138477663, 1.2668959557986976, 1.326973946583783, 1.2514288758119185, 1.5085246863625876, 1.499972857476433, 1.2859625992031167], "chi2": [1.263, 1.367, 1.783, 1.337, 1.558, 1.9, 1.458, 1.129, 1.496, 1.471, 0.988, 1.631, 1.52, 1.54, 1.38, 1.549, 1.23, 1.076, 1.512, 1.249, 1.439, 1.106, 1.255, 1.457]}